Name,Gender,Age,Grade,Absence,Bloodtype,Height,Weight
Learner 01,F,19,1,Y,O,151,49
Learner 02,M,20,2,N,A,175,67
Learner 03,F,21,3,Y,B,161,57
Learner 04,M,22,4,N,O,189,73
Learner 05,F,23,1,N,A,171,65
Learner 06,M,24,2,N,B,178,79
Learner 07,F,25,3,Y,O,154,51
Learner 08,M,26,4,N,A,192,85
Learner 09,F,27,1,Y,B,164,59
Learner 10,M,19,2,N,O,181,64
Learner 11,F,20,3,N,A,174,67
Learner 12,M,21,4,N,B,170,70
Learner 13,F,22,1,Y,O,157,53
Learner 14,M,23,2,N,A,184,76
Learner 15,F,24,3,Y,B,167,61
Learner 16,M,25,4,N,O,173,82
Learner 17,F,26,1,N,A,177,69
Learner 18,M,27,2,N,B,187,88
Learner 19,F,19,3,Y,O,160,55
Learner 20,M,20,4,N,A,176,67
Learner 21,F,21,1,Y,B,170,63
Learner 22,M,22,2,N,O,190,73
Learner 23,F,23,3,N,A,153,49
Learner 24,M,24,4,N,B,179,79
Learner 25,F,25,1,Y,O,163,57
Learner 26,M,26,2,N,A,168,85
Learner 27,F,27,3,Y,B,173,65
Learner 28,M,19,4,N,O,182,64
Learner 29,F,20,1,N,A,156,51
Learner 30,M,21,2,N,B,171,70
Learner 31,F,22,3,Y,O,166,59
Learner 32,M,23,4,N,A,185,76
