Province Code,City,Population,Gender Ratio,Person's Household,Households
115,Town 01,"14,800",0.88,1.7,8706
116,Town 02,"17,010",0.92,1.9,8953
117,Town 03,"19,220",0.96,2.1,9152
118,Town 04,"21,430",1.0,2.3,9317
119,Town 05,"22,160",1.04,2.5,8864
115,Town 06,"24,370",1.08,1.7,14335
116,Town 07,"26,580",1.12,1.9,13989
117,Town 08,"28,790",0.88,2.1,13710
118,Town 09,"29,520",0.92,2.3,12835
119,Town 10,"31,730",0.96,2.5,12692
115,Town 11,"33,940",1.0,1.7,19965
116,Town 12,"36,150",1.04,1.9,19026
117,Town 13,"36,880",1.08,2.1,17562
118,Town 14,"39,090",1.12,2.3,16996
119,Town 15,"41,300",0.88,2.5,16520
115,Town 16,"43,510",0.92,1.7,25594
116,Town 17,"44,240",0.96,1.9,23284
117,Town 18,"46,450",1.0,2.1,22119
118,Town 19,"48,660",1.04,2.3,21157
119,Town 20,"50,870",1.08,2.5,20348
115,Town 21,"51,600",1.12,1.7,30353
116,Town 22,"53,810",0.88,1.9,28321
117,Town 23,"56,020",0.92,2.1,26676
118,Town 24,"58,230",0.96,2.3,25317
119,Town 25,"58,960",1.0,2.5,23584
115,Town 26,"61,170",1.04,1.7,35982
116,Town 27,"63,380",1.08,1.9,33358
117,Town 28,"65,590",1.12,2.1,31233
