Shop ID,Opening Year,Status
1,2000,Open
2,2000,Closed
3,2001,Open
4,2001,Closed
5,2001,Closed
6,2002,Open
7,2002,Closed
8,2003,Open
9,2003,Closed
10,2003,Closed
11,2004,Open
12,2004,Open
13,2004,Closed
14,2004,Closed
15,2005,Open
16,2005,Closed
17,2005,Closed
18,2006,Open
19,2006,Open
20,2006,Closed
21,2006,Closed
22,2007,Open
23,2007,Open
24,2007,Closed
25,2007,Closed
26,2008,Open
27,2008,Open
28,2008,Closed
29,2008,Closed
30,2008,Closed
31,2009,Open
32,2009,Open
33,2009,Closed
34,2009,Closed
35,2009,Closed
36,2010,Open
37,2010,Open
38,2010,Open
39,2010,Closed
40,2010,Closed
41,2010,Closed
42,2010,Closed
43,2010,Closed
44,2011,Open
45,2011,Open
46,2011,Open
47,2011,Open
48,2011,Open
49,2011,Open
50,2011,Open
51,2011,Open
52,2011,Closed
53,2011,Closed
54,2011,Closed
55,2012,Open
56,2012,Open
57,2012,Open
58,2012,Open
59,2012,Open
60,2012,Open
61,2012,Open
62,2012,Open
63,2012,Open
64,2012,Open
65,2012,Closed
66,2012,Closed
67,2012,Closed
68,2012,Closed
69,2013,Open
70,2013,Open
71,2013,Open
72,2013,Open
73,2013,Open
74,2013,Open
75,2013,Open
76,2013,Open
77,2013,Open
78,2013,Open
79,2013,Open
80,2013,Open
81,2013,Closed
82,2013,Closed
83,2013,Closed
84,2013,Closed
85,2014,Open
86,2014,Open
87,2014,Open
88,2014,Open
89,2014,Open
90,2014,Open
91,2014,Open
92,2014,Open
93,2014,Open
94,2014,Open
95,2014,Open
96,2014,Open
97,2014,Open
98,2014,Open
99,2014,Closed
100,2014,Closed
101,2014,Closed
102,2014,Closed
103,2014,Closed
104,2015,Open
105,2015,Open
106,2015,Open
107,2015,Open
108,2015,Open
109,2015,Open
110,2015,Open
111,2015,Open
112,2015,Open
113,2015,Open
114,2015,Open
115,2015,Open
116,2015,Open
117,2015,Open
118,2015,Open
119,2015,Closed
120,2015,Closed
121,2015,Closed
122,2015,Closed
123,2015,Closed
124,2015,Closed
125,2016,Open
126,2016,Open
127,2016,Open
128,2016,Open
129,2016,Open
130,2016,Open
131,2016,Open
132,2016,Open
133,2016,Open
134,2016,Open
135,2016,Open
136,2016,Open
137,2016,Open
138,2016,Open
139,2016,Open
140,2016,Open
141,2016,Open
142,2016,Closed
143,2016,Closed
144,2016,Closed
145,2016,Closed
146,2016,Closed
147,2016,Closed
148,2016,Closed
149,2017,Open
150,2017,Open
151,2017,Open
152,2017,Open
153,2017,Open
154,2017,Open
155,2017,Open
156,2017,Open
157,2017,Open
158,2017,Open
159,2017,Open
160,2017,Open
161,2017,Open
162,2017,Open
163,2017,Open
164,2017,Open
165,2017,Open
166,2017,Open
167,2017,Open
168,2017,Closed
169,2017,Closed
170,2017,Closed
171,2017,Closed
172,2017,Closed
173,2017,Closed
174,2017,Closed
175,2017,Closed
