Sale ID,Area,Product,Price,Quantity
2001,North,Notebook,38,4
2002,North,Notebook,40,6
2003,North,Notebook,42,8
2004,North,Pen,12,9
2005,North,Pen,14,11
2006,North,Pen,16,13
2007,North,Folder,24,14
2008,North,Folder,26,16
2009,North,Folder,28,4
2010,South,Notebook,39,7
2011,South,Notebook,41,9
2012,South,Notebook,43,11
2013,South,Pen,13,12
2014,South,Pen,15,14
2015,South,Pen,17,16
2016,South,Marker,20,17
2017,South,Marker,22,5
2018,South,Marker,24,7
2019,East,Pen,14,10
2020,East,Pen,16,12
2021,East,Pen,18,14
2022,East,Folder,26,15
2023,East,Folder,28,17
2024,East,Folder,30,5
2025,East,Marker,21,6
2026,East,Marker,23,8
2027,East,Marker,25,10
2028,West,Notebook,41,13
2029,West,Notebook,43,15
2030,West,Notebook,45,17
2031,West,Folder,27,4
2032,West,Folder,29,6
2033,West,Folder,31,8
2034,West,Marker,22,9
2035,West,Marker,24,11
2036,West,Marker,26,13
